1950,20,25,30,35,40,45,50,55,60,65,70,75
1951,23,28,33,38,43,48,53,58,63,68,73,78
1952,26,31,36,41,46,51,56,61,66,71,76,81
1953,29,34,39,44,49,54,59,64,69,74,79,84
1954,32,37,42,47,52,57,62,67,72,77,82,87
1955,35,40,45,50,55,60,65,70,75,80,85,90
1956,38,43,48,53,58,63,68,73,78,83,88,93
1957,41,46,51,56,61,66,71,76,81,86,91,96
1958,44,49,54,59,64,69,74,79,84,89,94,99
1959,47,52,57,62,67,72,77,82,87,92,97,102
1960,50,55,60,65,70,75,80,85,90,95,100,105
1961,53,58,63,68,73,78,83,88,93,98,103,108
1962,56,61,66,71,76,81,86,91,96,101,106,111
1963,59,64,69,74,79,84,89,94,99,104,109,114
1964,62,67,72,77,82,87,92,97,102,107,112,117
1965,65,70,75,80,85,90,95,100,105,110,115,20
1966,68,73,78,83,88,93,98,103,108,113,118,23
1967,71,76,81,86,91,96,101,106,111,116,21,26
1968,74,79,84,89,94,99,104,109,114,119,24,29
1969,77,82,87,92,97,102,107,112,117,22,27,32
1970,80,85,90,95,100,105,110,115,20,25,30,35
1971,83,88,93,98,103,108,113,118,23,28,33,38
1972,86,91,96,101,106,111,116,21,26,31,36,41
1973,89,94,99,104,109,114,119,24,29,34,39,44
1974,92,97,102,107,112,117,22,27,32,37,42,47
1975,95,100,105,110,115,20,25,30,35,40,45,50
1976,98,103,108,113,118,23,28,33,38,43,48,53
1977,101,106,111,116,21,26,31,36,41,46,51,56
1978,104,109,114,119,24,29,34,39,44,49,54,59
1979,107,112,117,22,27,32,37,42,47,52,57,62
1980,110,115,20,25,30,35,40,45,50,55,60,65
1981,113,118,23,28,33,38,43,48,53,58,63,68
1982,116,21,26,31,36,41,46,51,56,61,66,71
1983,119,24,29,34,39,44,49,54,59,64,69,74
1984,22,27,32,37,42,47,52,57,62,67,72,77
1985,25,30,35,40,45,50,55,60,65,70,75,80
1986,28,33,38,43,48,53,58,63,68,73,78,83
1987,31,36,41,46,51,56,61,66,71,76,81,86
1988,34,39,44,49,54,59,64,69,74,79,84,89
1989,37,42,47,52,57,62,67,72,77,82,87,92
1990,40,45,50,55,60,65,70,75,80,85,90,95
